,RHX,RHY,LHX,LHY,RFX,RFY,LFX,LFY
0,0.7665665745735168,0.11254075169563293,0.21720042824745178,0.10415080189704895,0.6414044499397278,0.8696437478065491,0.3136152923107147,0.7705162763595581
1,0.7656565308570862,0.28495827317237854,0.18249556422233582,0.26835331320762634,0.7210842370986938,0.8824487924575806,0.27251726388931274,0.8741738796234131
